Params,Score
{'n_neighbors': 1},0.9845267934923108
{'n_neighbors': 2},0.9770695412074722
{'n_neighbors': 3},0.9505967843898878
{'n_neighbors': 4},0.9543253888081473
{'n_neighbors': 5},0.9400638255810669
{'n_neighbors': 6},0.9393183827666587
{'n_neighbors': 7},0.9242175718037787
{'n_neighbors': 8},0.9242170938722662
{'n_neighbors': 9},0.913777027570131
{'n_neighbors': 10},0.9073447211378246
